okul_no,ad,soyad,seviye,sinif,email,tc_kimlik_no,telefon,veli_ad,veli_soyad,veli_telefon,veli_tc_kimlik_no
1001,Ada,Ak,8. Sınıf,8-A,,,,Veli1,Ak,05550000001,
1002,Bora,Bal,8. Sınıf,8-A,,,,Veli2,Bal,05550000002,
1003,Cem,Çam,8. Sınıf,8-A,,,,Veli3,Çam,05550000003,
1004,Deniz,Dal,8. Sınıf,8-A,,,,Veli4,Dal,05550000004,
1005,Ece,Er,8. Sınıf,8-A,,,,Veli5,Er,05550000005,
1006,Efe,Gül,8. Sınıf,8-A,,,,Veli6,Gül,05550000006,
1007,Ela,Han,8. Sınıf,8-A,,,,Veli7,Han,05550000007,
1008,Emir,Işık,8. Sınıf,8-A,,,,Veli8,Işık,05550000008,
1009,Eylül,Kaya,8. Sınıf,8-A,,,,Veli9,Kaya,05550000009,
1010,Can,Kurt,8. Sınıf,8-A,,,,Veli10,Kurt,05550000010,
1011,Duru,Mor,8. Sınıf,8-A,,,,Veli11,Mor,05550000011,
1012,Kerem,Nar,8. Sınıf,8-A,,,,Veli12,Nar,05550000012,
1013,Lina,Oy,8. Sınıf,8-A,,,,Veli13,Oy,05550000013,
1014,Mert,Öz,8. Sınıf,8-A,,,,Veli14,Öz,05550000014,
1015,Nehir,Pak,8. Sınıf,8-A,,,,Veli15,Pak,05550000015,
1016,Onur,Sal,8. Sınıf,8-A,,,,Veli16,Sal,05550000016,
1017,Pelin,Şen,8. Sınıf,8-A,,,,Veli17,Şen,05550000017,
1018,Rüzgar,Tan,8. Sınıf,8-A,,,,Veli18,Tan,05550000018,
1019,Selin,Uz,8. Sınıf,8-A,,,,Veli19,Uz,05550000019,
1020,Tuna,Ün,8. Sınıf,8-A,,,,Veli20,Ün,05550000020,
1021,Umut,Var,8. Sınıf,8-A,,,,Veli21,Var,05550000021,
1022,Yaren,Yel,8. Sınıf,8-A,,,,Veli22,Yel,05550000022,
1023,Zeynep,Zor,8. Sınıf,8-A,,,,Veli23,Zor,05550000023,
1024,Arda,Acar,8. Sınıf,8-A,,,,Veli24,Acar,05550000024,
1025,Begüm,Bilge,8. Sınıf,8-A,,,,Veli25,Bilge,05550000025,
1026,Çınar,Coşkun,8. Sınıf,8-A,,,,Veli26,Coşkun,05550000026,
1027,Defne,Doğan,8. Sınıf,8-A,,,,Veli27,Doğan,05550000027,
1028,Ege,Elmas,8. Sınıf,8-A,,,,Veli28,Elmas,05550000028,
1029,Fulya,Fidan,8. Sınıf,8-A,,,,Veli29,Fidan,05550000029,
1030,Gökay,Gündüz,8. Sınıf,8-A,,,,,,,
